{
    "0": {
        "precision": 0.9997949597375485,
        "recall": 0.9467970556565639,
        "f1-score": 0.9725745473667032,
        "support": 56651.0
    },
    "1": {
        "precision": 0.02711426726920594,
        "recall": 0.8842105263157894,
        "f1-score": 0.05261509552145318,
        "support": 95.0
    },
    "accuracy": 0.9466922778698058,
    "macro avg": {
        "precision": 0.5134546135033772,
        "recall": 0.9155037909861767,
        "f1-score": 0.5125948214440782,
        "support": 56746.0
    },
    "weighted avg": {
        "precision": 0.9981665689120367,
        "recall": 0.9466922778698058,
        "f1-score": 0.971034418583612,
        "support": 56746.0
    }
}