{
    "0": {
        "precision": 0.9997830528085622,
        "recall": 0.9761698822615664,
        "f1-score": 0.987835375656461,
        "support": 56651.0
    },
    "1": {
        "precision": 0.05792044661549198,
        "recall": 0.8736842105263158,
        "f1-score": 0.10863874345549739,
        "support": 95.0
    },
    "accuracy": 0.9759983082508018,
    "macro avg": {
        "precision": 0.5288517497120271,
        "recall": 0.9249270463939412,
        "f1-score": 0.5482370595559791,
        "support": 56746.0
    },
    "weighted avg": {
        "precision": 0.9982062553675383,
        "recall": 0.9759983082508018,
        "f1-score": 0.9863634890026158,
        "support": 56746.0
    }
}